﻿<?xml version="1.0" encoding="utf-8"?>
<Module>
  <Name value = "KingdomTemplate"/>
  <Id value = "KingdomTemplate"/>
  <Version value = "v1.0.0"/>
  <SingleplayerModule value="true"/>
  <MultiplayerModule value="false"/>
  <Official value="false" />
  <DefaultModule value="false"/>
  <DependedModules>
    <DependedModule Id="Native"/>
    <DependedModule Id="SandBoxCore"/>
    <DependedModule Id="Sandbox"/>
    <DependedModule Id="CustomBattle"/>
    <DependedModule Id="StoryMode" />
  </DependedModules>
  <SubModules>
    <SubModule>
      <Name value = "KingdomTemplate"/>
      <DLLName value = "KingdomTemplate.dll"/>
      <SubModuleClassType value="KingdomTemplate.Main"/>
      <Tags>
        <Tag key="DedicatedServerType" value ="none" />
        <Tag key="IsNoRenderModeElement" value ="false" />
      </Tags>
    </SubModule>
  </SubModules>
  <Xmls>
    <XmlNode>
      <XmlName type="1" id="partyTemplates" path="party_templates"/>
      <IncludedGameTypes>
        <GameType value = "Campaign"/>
        <GameType value = "CampaignStoryMode"/>
        <GameType value = "CustomGame"/>
      </IncludedGameTypes>
    </XmlNode>
    <XmlNode>
      <XmlName id="Heroes" path="heroes"/>
      <IncludedGameTypes>
        <GameType value = "Campaign"/>
        <GameType value = "CampaignStoryMode"/>
        <GameType value = "CustomGame"/>
      </IncludedGameTypes>
    </XmlNode>
    <XmlNode>
      <XmlName id="NPCCharacters" path="lords"/>
      <IncludedGameTypes>
        <GameType value = "Campaign"/>
        <GameType value = "CampaignStoryMode"/>
        <GameType value = "CustomGame"/>
      </IncludedGameTypes>
    </XmlNode>
    <XmlNode>
      <XmlName id="SPCultures" path="spcultures"/>
      <IncludedGameTypes>
        <GameType value = "Campaign"/>
        <GameType value = "CampaignStoryMode"/>
        <GameType value = "CustomGame"/>
      </IncludedGameTypes>
    </XmlNode>
    <XmlNode>
      <XmlName type="1" id="Factions" path="spclans"/>
      <IncludedGameTypes>
        <GameType value = "Campaign"/>
        <GameType value = "CampaignStoryMode"/>
        <GameType value = "CustomGame"/>
      </IncludedGameTypes>
    </XmlNode>
    <XmlNode>
      <XmlName id="Kingdoms" path="spkingdoms"/>
      <IncludedGameTypes>
        <GameType value = "Campaign"/>
        <GameType value = "CampaignStoryMode"/>
        <GameType value = "CustomGame"/>
      </IncludedGameTypes>
    </XmlNode>
    <XmlNode>
      <XmlName id="MeetingScenes>" path="spmeetings"/>
      <IncludedGameTypes>
        <GameType value = "Campaign"/>
        <GameType value = "CampaignStoryMode"/>
        <GameType value = "CustomGame"/>
      </IncludedGameTypes>
    </XmlNode>
    <XmlNode>
      <XmlName id="Settlements" path="settlements"/>
      <IncludedGameTypes>
        <GameType value = "Campaign"/>
        <GameType value = "CampaignStoryMode"/>
        <GameType value = "CustomGame"/>
      </IncludedGameTypes>
    </XmlNode>
  </Xmls>
</Module>