<SPCultures>
  <Culture id="hunters"
           name="Headhunters"
           is_main_culture="false"
           color="FF6B6B6B"
           color2="FFCFCFCF"
           elite_basic_troop="NPCCharacter.imperial_legionary"
           basic_troop="NPCCharacter.imperial_legionary"
           melee_militia_troop="NPCCharacter.imperial_legionary"
           ranged_militia_troop="NPCCharacter.sturgian_militia_archer"
           melee_elite_militia_troop="NPCCharacter.imperial_legionary"
           ranged_elite_militia_troop="NPCCharacter.imperial_legionary"
           can_have_settlement="false"
           town_edge_number="16"
           villager_party_template="PartyTemplate.villager_sturgia_template"
           default_party_template="PartyTemplate.kingdom_hero_party_headhunters_template"
           encounter_background_mesh="encounter_sturgia"
           elite_caravan_party_template="PartyTemplate.elite_caravan_template_sturgia"
           caravan_party_template="PartyTemplate.caravan_template_sturgia"
           militia_party_template="PartyTemplate.kingdom_hero_party_headhunters_template"
           rebels_party_template="PartyTemplate.rebels_sturgia_template"
           default_face_key="000fa92e90004202aced5d976886573d5d679585a376fdd605877a7764b8987c00000000000007520000037f0000000f00000037049140010000000000000000"
           text="Headhunters, bringers of order."
           tournament_master="NPCCharacter.tournament_master_sturgia"
           villager="NPCCharacter.villager_sturgia"
           caravan_master="NPCCharacter.imperial_legionary"
           armed_trader="NPCCharacter.imperial_legionary"
           caravan_guard="NPCCharacter.imperial_elite_cataphract"
           veteran_caravan_guard="NPCCharacter.imperial_elite_cataphract"
           duel_preset="NPCCharacter.sturgia_duel_preset"
           prison_guard="NPCCharacter.prison_guard_sturgia"
           guard="NPCCharacter.guard_sturgia"
           steward="NPCCharacter.steward_sturgia"
           blacksmith="NPCCharacter.blacksmith_sturgia"
           weaponsmith="NPCCharacter.weaponsmith_sturgia"
           townswoman="NPCCharacter.townswoman_sturgia"
           townswoman_infant="NPCCharacter.townswoman_infant_sturgia"
           townswoman_child="NPCCharacter.townswoman_child_sturgia"
           townswoman_teenager="NPCCharacter.townswoman_teenager_sturgia"
           townsman="NPCCharacter.townsman_sturgia"
           townsman_infant="NPCCharacter.townsman_infant_sturgia"
           townsman_child="NPCCharacter.townsman_child_sturgia"
           townsman_teenager="NPCCharacter.townsman_teenager_sturgia"
           ransom_broker="NPCCharacter.ransom_broker_sturgia"
           gangleader_bodyguard="NPCCharacter.gangleader_bodyguard_sturgia"
           merchant_notary="NPCCharacter.merchant_notary_sturgia"
           artisan_notary="NPCCharacter.artisan_notary_sturgia"
           preacher_notary="NPCCharacter.preacher_notary_sturgia"
           rural_notable_notary="NPCCharacter.rural_notable_notary_sturgia"
           shop_worker="NPCCharacter.shop_worker_sturgia"
           tavernkeeper="NPCCharacter.tavernkeeper_sturgia"
           taverngamehost="NPCCharacter.taverngamehost_sturgia"
           musician="NPCCharacter.musician_sturgia"
           tavern_wench="NPCCharacter.tavern_wench_sturgia"
           armorer="NPCCharacter.armorer_sturgia"
           horseMerchant="NPCCharacter.horseMerchant_sturgia"
           merchant="NPCCharacter.merchant_sturgia"
           beggar="NPCCharacter.beggar_sturgia"
           female_beggar="NPCCharacter.female_beggar_sturgia"
           female_dancer="NPCCharacter.female_dancer_sturgia"
           gear_practice_dummy="NPCCharacter.gear_practice_dummy_sturgia"
           weapon_practice_stage_1="NPCCharacter.weapon_practice_stage_1_sturgia"
           weapon_practice_stage_2="NPCCharacter.weapon_practice_stage_2_sturgia"
           weapon_practice_stage_3="NPCCharacter.weapon_practice_stage_3_sturgia"
           gear_dummy="NPCCharacter.gear_dummy_sturgia">
    <male_names>
      <name name="{=jVPr0ZzB}Achyr" />
	  <name name="{=Bmg66601}Brexa" />
	  <name name="{=Bmg66602}Frig" />
      <name name="{=iFJbnbCQ}Agdil" />
      <name name="{=pqlMxWoM}Alek" />
      <name name="{=bNj9gI2y}Astin" />
      <name name="{=oyxam3bN}Blag" />
      <name name="{=KbIHavJj}Borabos" />
      <name name="{=38o99yqa}Borcha" />
      <name name="{=zYAl76GW}Borytor" />
      <name name="{=ODVepnRR}Bylorn" />
      <name name="{=6FebKbCp}Chel" />
      <name name="{=0ZXMKL4M}Chavil" />
      <name name="{=ORJZJYt7}Churig" />
      <name name="{=eYY8319F}Dalibol" />
      <name name="{=CoYOwpLP}Davan" />
      <name name="{=YdMwMdyf}Dumat" />
      <name name="{=z3rmbOSO}Gavyn" />
      <name name="{=pfAkvdYc}Gorgi" />
      <name name="{=J5kC0K3W}Gutrag" />
      <name name="{=aYiL7eDM}Ilmir" />
      <name name="{=ZkaaXxeB}Isvan" />
      <name name="{=WNb0Bw0e}Kavyl" />
      <name name="{=bzXmtoC6}Koleg" />
      <name name="{=BGHBvAK1}Kulyat" />
      <name name="{=FkbO2Abd}Kras" />
      <name name="{=fYN6Aawl}Kyraslav" />
      <name name="{=HxKE18yl}Lasvak" />
      <name name="{=KBq7aQRa}Lek" />
      <name name="{=Py1Jj5mB}Lorik" />
      <name name="{=bzaLf3EU}Magan" />
      <name name="{=BD4XeP07}Mikri" />
      <name name="{=vPlwv7Vj}Miloch" />
      <name name="{=Xo1ZwCmu}Mor" />
      <name name="{=G92bovut}Mornid" />
      <name name="{=hWKKCdeX}Mulum" />
      <name name="{=DkXPe3A3}Nevig" />
      <name name="{=A2AYaNWM}Orig" />
      <name name="{=EUQTT8so}Oshir" />
      <name name="{=CSizDomP}Ospak" />
      <name name="{=cv1QgU1H}Pazhel" />
      <name name="{=M1ORaYny}Pol" />
      <name name="{=4KZXSIjc}Porev" />
      <name name="{=eMcQ35QA}Radul" />
      <name name="{=rahYvT3x}Ragnar" />
      <name name="{=iOYRpw24}Ratagost" />
      <name name="{=jACaGLM5}Salulk" />
      <name name="{=XDAQgjpH}Simir" />
      <name name="{=rtHgoGvb}Sivur" />
      <name name="{=5YsDdW9s}Sorgard" />
      <name name="{=mfu9UqLL}Shemyr" />
      <name name="{=tOmtchNx}Tanir" />
      <name name="{=B7zKKiYQ}Tatik" />
      <name name="{=tp3yvlYW}Temyr" />
      <name name="{=gzej3EbY}Tulvo" />
      <name name="{=4ABVdxKn}Tyl" />
      <name name="{=wlwVPqjP}Uln" />
      <name name="{=uDlnsFIF}Urik" />
      <name name="{=jqaPJbpP}Urgil" />
      <name name="{=7T5z6N7e}Uslav" />
      <name name="{=htJuLron}Varag" />
      <name name="{=cjYLX7sZ}Valishin" />
      <name name="{=e6goEM5b}Valdym" />
      <name name="{=cpkNaEmz}Vaton" />
      <name name="{=hy7mIh48}Vidar" />
      <name name="{=kEw7yody}Volg" />
      <name name="{=t0TXa7Fp}Vuldrat" />
      <name name="{=bU46gvya}Vulfyr" />
      <name name="{=OABjrV1T}Vyoshen" />
      <name name="{=j6K4Z1L6}Yalyr" />
      <name name="{=NAVXhanI}Yarli" />
      <name name="{=agn93v7y}Yorig" />
      <name name="{=XxSD6GAu}Yun" />
      <name name="{=zLl1UEYM}Zhem" />
      <name name="{=Fn064VUZ}Zhutyr" />
    </male_names>
    <female_names>
      <name name="{=vz038vX7}Achita" />
      <name name="{=UaOynysV}Agna" />
      <name name="{=WP63fA7r}Alkirya" />
      <name name="{=XqcD0WEu}Asta" />
      <name name="{=daulkQvv}Brinya" />
      <name name="{=VaqB0x4K}Dranga" />
      <name name="{=scCmMFeI}Ekadrya" />
      <name name="{=9pnUaj0g}Elyaksha" />
      <name name="{=yNSLGTYc}Erta" />
      <name name="{=YahyjyK5}Gudra" />
      <name name="{=Q8gCUmQq}Gyn" />
      <name name="{=Z5NIRUPc}Idruna" />
      <name name="{=7n7V9Va5}Irya" />
      <name name="{=4Su3mMpd}Ivaren" />
      <name name="{=6fbD85kZ}Kara" />
      <name name="{=RrdzC0Mx}Kalata" />
      <name name="{=AMmJVlrt}Kyraslava" />
      <name name="{=8Rirvd8I}Laska" />
      <name name="{=cxNCgqkI}Litka" />
      <name name="{=7Lkbtnet}Luvina" />
      <name name="{=yhCgI9ph}Magna" />
      <name name="{=9SJa91sZ}Marena" />
      <name name="{=R1yWuIzd}Melya" />
      <name name="{=C4akgRTN}Milisa" />
      <name name="{=Bt4MdhYE}Olguna" />
      <name name="{=OQLPPwrL}Osea" />
      <name name="{=Ao69q2aY}Pera" />
      <name name="{=DfZ5oi0O}Ragna" />
      <name name="{=2Bh8DS8S}Siga" />
      <name name="{=sIBcdaxD}Soren" />
      <name name="{=b2d9BYxT}Svana" />
      <name name="{=qu9adIvZ}Talya" />
      <name name="{=zAC87rrQ}Tora" />
      <name name="{=r28vZDkN}Vara" />
      <name name="{=5o1bM9G0}Vasinya" />
      <name name="{=t6e4wphB}Veta" />
    </female_names>
    <clan_names>
      <name name="{=OLLYkaWd}Asraloving" />
      <name name="{=yUuM8a0j}Boranoving" />
      <name name="{=euyyBbjq}Folyoroving" />
      <name name="{=ODcWVL1a}Gendiroving" />
      <name name="{=UYqwbjTP}Iskanoving" />
      <name name="{=z2Oqk8aq}Maregoving" />
      <name name="{=lpbIXNdK}Suratoving" />
      <name name="{=RFapQLfR}Vyshoving" />
      <name name="{=gC1paDtD}Yerchoving" />
      <name name="{=qD72Ya4I}Zhanoving" />
    </clan_names>
  </Culture>
</SPCultures>